session_id	age_at_scan
16310	27.571428571429
38310	41.57142857142857
