session_id	age_at_scan
122900	36.428571428571
129200	39.714285714286
