session_id	age_at_scan
172700	34.142857142857
187700	41.285714285714
