session_id	age_at_scan
153500	21.857142857143
176401	32.571428571429
191900	42
