session_id	age_at_scan
24010	28.571428571429
630	43.714285714286
