session_id	age_at_scan
150600	33.571428571429
165900	40.857142857143
