session_id	age_at_scan
159500	22.714285714286
183100	34.571428571429
198900	43.571428571429
