session_id	age_at_scan
177500	23.142857142857
210900	43.857142857143
