session_id	age_at_scan
26510	35.571428571429
32010	40.571428571429
