session_id	age_at_scan
96800	33.571428571429
113500	40.857142857143
