session_id	age_at_scan
145000	36.285714285714
159200	42.857142857143
