session_id	age_at_scan
183300	35.285714285714
196000	43.142857142857
