session_id	age_at_scan
199500	37.428571428571
205500	41.571428571429
