session_id	age_at_scan
37111	28.285714285714
8930	40.142857142857
