session_id	age_at_scan
176500	34.142857142857
188400	40.142857142857
