session_id	age_at_scan
244200	35.428571428571
1800	40.428571428571
