session_id	age_at_scan
151200	33.285714285714
160700	37.428571428571
170100	42.285714285714
