session_id	age_at_scan
15810	33.285714285714
27810	41.714285714286
