session_id	age_at_scan
132402	32.142857142857
156800	43.428571428571
