session_id	age_at_scan
152101	28.714285714286
160600	32.714285714286
183200	43.714285714286
