session_id	age_at_scan
163200	35.857142857143
178200	42.142857142857
