session_id	age_at_scan
74400	34.285714285714
86600	42.285714285714
