session_id	age_at_scan
177201	29.857142857143
193600	40.142857142857
