session_id	age_at_scan
104100	35.571428571429
118800	42.857142857143
