session_id	age_at_scan
152300	28.571428571429
153600	29.285714285714
181301	42.428571428571
