session_id	age_at_scan
125200	36.857142857143
130200	39.571428571429
