session_id	age_at_scan
1020	36.714285714285715
5230	42.714285714286
7430	43.714285714286
