session_id	age_at_scan
28110	35.571428571429
42010	42.714285714286
