session_id	age_at_scan
65200	34.714285714286
79600	40.428571428571
