session_id	age_at_scan
102201	34.428571428571
117300	41.714285714286
