session_id	age_at_scan
30210	33.571428571429
530	43.571428571429
