session_id	age_at_scan
1000	31.142857142857142
19010	40.571428571429
