session_id	age_at_scan
74800	34.857142857143
86000	42.714285714286
