session_id	age_at_scan
177502	38.285714285714
181601	40.571428571429
