session_id	age_at_scan
104500	36.285714285714
111200	39.428571428571
