session_id	age_at_scan
1301	31.714285714286
15910	40.857142857143
