session_id	age_at_scan
213801	31.285714285714
221400	35.571428571429
232701	41.571428571429
