session_id	age_at_scan
98101	32.714285714286
115700	41.142857142857
