session_id	age_at_scan
90701	32.142857142857
111400	41.285714285714
