session_id	age_at_scan
150500	32.428571428571
169900	41.714285714286
