session_id	age_at_scan
208202	30.857142857143
226000	41.857142857143
