session_id	age_at_scan
205000	30.428571428571
226100	43.285714285714
