session_id	age_at_scan
114200	25.571428571429
142400	40.857142857143
