session_id	age_at_scan
151300	33.285714285714
170000	42.285714285714
