session_id	age_at_scan
1700	29.428571428571
24210	41.285714285714
