session_id	age_at_scan
76601	31.428571428571
92100	41.285714285714
