session_id	age_at_scan
8411	31.428571428571427
29510	44.285714285714
