session_id	age_at_scan
181004	38.857142857143
185600	41.571428571429
