session_id	age_at_scan
74801	34.857142857143
85900	42.714285714286
