session_id	age_at_scan
119100	29.857142857143
133800	38.428571428571
