session_id	age_at_scan
111700	35.571428571429
120500	39.857142857143
