session_id	age_at_scan
45000	33.285714285714
64300	44.857142857143
