session_id	age_at_scan
222000	30.428571428571
238600	39.428571428571
