session_id	age_at_scan
172401	39.571428571429
179300	42.428571428571
