session_id	age_at_scan
191501	26.428571428571
218007	43.285714285714
