session_id	age_at_scan
121300	35.714285714286
129500	40.142857142857
