session_id	age_at_scan
188100	22.428571428571
218100	42.571428571429
