session_id	age_at_scan
26410	35.571428571429
32110	40.571428571429
