session_id	age_at_scan
89100	28.714285714286
117900	42.571428571429
