session_id	age_at_scan
17610	33.142857142857
27411	40.285714285714
