session_id	age_at_scan
45100	33.285714285714285
64201	44.857142857143
