session_id	age_at_scan
30010	27.428571428571
4330	40.714285714286
