session_id	age_at_scan
33010	28.857142857143
4930	40.857142857143
