session_id	age_at_scan
138800	35.714285714286
142900	38.428571428571
