session_id	age_at_scan
210400	26.714285714286
235300	41.428571428571
