session_id	age_at_scan
135000	25
148600	31.714285714286
175100	43.857142857143
