session_id	age_at_scan
238000	34.857142857143
1100	40.857142857143
