session_id	age_at_scan
182000	31.571428571429
198100	41.142857142857
