session_id	age_at_scan
177900	32.142857142857
195900	43.142857142857
