session_id	age_at_scan
167800	31.428571428571
175800	34.571428571429
192200	44.571428571429
