session_id	age_at_scan
158300	35.428571428571
170600	41.428571428571
