session_id	age_at_scan
20211	25.714285714286
4120	42.571428571429
