session_id	age_at_scan
70301	29.285714285714285
88700	39.142857142857
