session_id	age_at_scan
97801	34.571428571429
111600	41.142857142857
