session_id	age_at_scan
92601	26.571428571429
119700	39.428571428571
