session_id	age_at_scan
233100	26.857142857143
12010	43.285714285714
