session_id	age_at_scan
145700	32.714285714286
166600	42.857142857143
