session_id	age_at_scan
33911	29.428571428571
7330	42.142857142857
