session_id	age_at_scan
206500	31.285714285714
220400	40.428571428571
