session_id	age_at_scan
94500	27.285714285714
127500	43.428571428571
