session_id	age_at_scan
114201	31.428571428571
134700	42.571428571429
