session_id	age_at_scan
90801	32.285714285714
111500	41.285714285714
