session_id	age_at_scan
18910	31.142857142857
30710	39.571428571429
