session_id	age_at_scan
39012	30.714285714286
7030	40.714285714286
