session_id	age_at_scan
245301	27.142857142857
17710	39.714285714286
