session_id	age_at_scan
195601	27.428571428571
216800	41.571428571429
