session_id	age_at_scan
198800	33.428571428571
209100	39.714285714286
