session_id	age_at_scan
4230	34.714285714286
19230	42.714285714286
