session_id	age_at_scan
125300	36.857142857143
130300	39.571428571429
