session_id	age_at_scan
3500	34.714285714286
6210	35.857142857143
12110	38.857142857143
