session_id	age_at_scan
11710	25.571428571429
40010	42.428571428571
