session_id	age_at_scan
17210	24.142857142857
28910	32.428571428571
4020	42.571428571429
