session_id	age_at_scan
211900	31.428571428571
224100	39.285714285714
