session_id	age_at_scan
33310	34.714285714286
41810	38.714285714286
