session_id	age_at_scan
77001	39.571428571429
81300	41.571428571429
