session_id	age_at_scan
191100	36.142857142857
204400	44.142857142857
