session_id	age_at_scan
196700	28.714285714286
214300	40.285714285714
